{"Delivery Rate": 1.0, "Commonsense Constraint Micro Pass Rate": 0.8631944444444445, "Commonsense Constraint Macro Pass Rate": 0.18333333333333332, "Hard Constraint Micro Pass Rate": 0.26904761904761904, "Hard Constraint Macro Pass Rate": 0.14444444444444443, "Final Pass Rate": 0.03888888888888889}