{"Delivery Rate": 1.0, "Commonsense Constraint Micro Pass Rate": 0.8513888888888889, "Commonsense Constraint Macro Pass Rate": 0.15, "Hard Constraint Micro Pass Rate": 0.2785714285714286, "Hard Constraint Macro Pass Rate": 0.15, "Final Pass Rate": 0.044444444444444446}