{"Delivery Rate": 1.0, "Commonsense Constraint Micro Pass Rate": 0.8180555555555555, "Commonsense Constraint Macro Pass Rate": 0.24444444444444444, "Hard Constraint Micro Pass Rate": 0.42142857142857143, "Hard Constraint Macro Pass Rate": 0.21666666666666667, "Final Pass Rate": 0.06111111111111111}