{"Delivery Rate": 1.0, "Commonsense Constraint Micro Pass Rate": 0.8055555555555556, "Commonsense Constraint Macro Pass Rate": 0.2111111111111111, "Hard Constraint Micro Pass Rate": 0.36428571428571427, "Hard Constraint Macro Pass Rate": 0.2111111111111111, "Final Pass Rate": 0.06111111111111111}