{"Delivery Rate": 1.0, "Commonsense Constraint Micro Pass Rate": 0.8416666666666667, "Commonsense Constraint Macro Pass Rate": 0.18888888888888888, "Hard Constraint Micro Pass Rate": 0.31666666666666665, "Hard Constraint Macro Pass Rate": 0.06666666666666667, "Final Pass Rate": 0.022222222222222223}