{"Delivery Rate": 1.0, "Commonsense Constraint Micro Pass Rate": 0.8527777777777777, "Commonsense Constraint Macro Pass Rate": 0.2722222222222222, "Hard Constraint Micro Pass Rate": 0.40476190476190477, "Hard Constraint Macro Pass Rate": 0.19444444444444445, "Final Pass Rate": 0.08333333333333333}