{"Delivery Rate": 1.0, "Commonsense Constraint Micro Pass Rate": 0.8611111111111112, "Commonsense Constraint Macro Pass Rate": 0.17777777777777778, "Hard Constraint Micro Pass Rate": 0.2619047619047619, "Hard Constraint Macro Pass Rate": 0.12222222222222222, "Final Pass Rate": 0.016666666666666666}