{"Delivery Rate": 1.0, "Commonsense Constraint Micro Pass Rate": 0.8625, "Commonsense Constraint Macro Pass Rate": 0.22777777777777777, "Hard Constraint Micro Pass Rate": 0.3404761904761905, "Hard Constraint Macro Pass Rate": 0.21666666666666667, "Final Pass Rate": 0.06111111111111111}