{"Delivery Rate": 1.0, "Commonsense Constraint Micro Pass Rate": 0.8111111111111111, "Commonsense Constraint Macro Pass Rate": 0.22777777777777777, "Hard Constraint Micro Pass Rate": 0.36904761904761907, "Hard Constraint Macro Pass Rate": 0.2, "Final Pass Rate": 0.06666666666666667}