{"Delivery Rate": 1.0, "Commonsense Constraint Micro Pass Rate": 0.6881944444444444, "Commonsense Constraint Macro Pass Rate": 0.10555555555555556, "Hard Constraint Micro Pass Rate": 0.1619047619047619, "Hard Constraint Macro Pass Rate": 0.1111111111111111, "Final Pass Rate": 0.027777777777777776}