{
    "plan_40": {
        "mean": 73.4,
        "std_dev": 11.48216007552586
    },
    "plan_34": {
        "mean": 77.1,
        "std_dev": 13.3
    },
    "plan_9": {
        "mean": 91.6,
        "std_dev": 4.923413450036468
    },
    "plan_28": {
        "mean": 88.1,
        "std_dev": 5.448853090330111
    },
    "plan_1": {
        "mean": 83.0,
        "std_dev": 5.727128425310541
    },
    "plan_42": {
        "mean": 84.6,
        "std_dev": 7.24154679609267
    },
    "plan_14": {
        "mean": 84.2,
        "std_dev": 4.975942121849891
    },
    "plan_23": {
        "mean": 88.8,
        "std_dev": 7.413501197140256
    },
    "plan_19": {
        "mean": 67.5,
        "std_dev": 18.741664813991314
    },
    "plan_5": {
        "mean": 76.2,
        "std_dev": 14.069825869569245
    }
}