{
    "Delivery Rate": {
        "mean": 1.0,
        "std_dev": 0.0
    },
    "Commonsense Constraint Micro Pass Rate": {
        "mean": 0.8565972222222222,
        "std_dev": 0.005902777777777812
    },
    "Commonsense Constraint Macro Pass Rate": {
        "mean": 0.2222222222222222,
        "std_dev": 0.0055555555555555506
    },
    "Hard Constraint Micro Pass Rate": {
        "mean": 0.3404761904761905,
        "std_dev": 0.0
    },
    "Hard Constraint Macro Pass Rate": {
        "mean": 0.2111111111111111,
        "std_dev": 0.005555555555555564
    },
    "Final Pass Rate": {
        "mean": 0.06388888888888888,
        "std_dev": 0.0027777777777777783
    }
}