{"Delivery Rate": 1.0, "Commonsense Constraint Micro Pass Rate": 0.5263888888888889, "Commonsense Constraint Macro Pass Rate": 0.022222222222222223, "Hard Constraint Micro Pass Rate": 0.02857142857142857, "Hard Constraint Macro Pass Rate": 0.022222222222222223, "Final Pass Rate": 0.0}