{"Delivery Rate": 1.0, "Commonsense Constraint Micro Pass Rate": 0.8243055555555555, "Commonsense Constraint Macro Pass Rate": 0.28888888888888886, "Hard Constraint Micro Pass Rate": 0.41904761904761906, "Hard Constraint Macro Pass Rate": 0.20555555555555555, "Final Pass Rate": 0.06111111111111111}