{"Delivery Rate": 1.0, "Commonsense Constraint Micro Pass Rate": 0.8506944444444444, "Commonsense Constraint Macro Pass Rate": 0.19444444444444445, "Hard Constraint Micro Pass Rate": 0.24761904761904763, "Hard Constraint Macro Pass Rate": 0.1111111111111111, "Final Pass Rate": 0.044444444444444446}