{"Delivery Rate": 1.0, "Commonsense Constraint Micro Pass Rate": 0.8263888888888888, "Commonsense Constraint Macro Pass Rate": 0.2611111111111111, "Hard Constraint Micro Pass Rate": 0.39285714285714285, "Hard Constraint Macro Pass Rate": 0.21666666666666667, "Final Pass Rate": 0.06111111111111111}