{"Delivery Rate": 1.0, "Commonsense Constraint Micro Pass Rate": 0.8513888888888889, "Commonsense Constraint Macro Pass Rate": 0.25555555555555554, "Hard Constraint Micro Pass Rate": 0.38095238095238093, "Hard Constraint Macro Pass Rate": 0.18888888888888888, "Final Pass Rate": 0.07222222222222222}