{"Delivery Rate": 1.0, "Commonsense Constraint Micro Pass Rate": 0.8472222222222222, "Commonsense Constraint Macro Pass Rate": 0.2222222222222222, "Hard Constraint Micro Pass Rate": 0.35, "Hard Constraint Macro Pass Rate": 0.21666666666666667, "Final Pass Rate": 0.06111111111111111}