{"Delivery Rate": 1.0, "Commonsense Constraint Micro Pass Rate": 0.8090277777777778, "Commonsense Constraint Macro Pass Rate": 0.20555555555555555, "Hard Constraint Micro Pass Rate": 0.3619047619047619, "Hard Constraint Macro Pass Rate": 0.22777777777777777, "Final Pass Rate": 0.03333333333333333}