{"Delivery Rate": 1.0, "Commonsense Constraint Micro Pass Rate": 0.8486111111111111, "Commonsense Constraint Macro Pass Rate": 0.22777777777777777, "Hard Constraint Micro Pass Rate": 0.33095238095238094, "Hard Constraint Macro Pass Rate": 0.08333333333333333, "Final Pass Rate": 0.027777777777777776}