{"Delivery Rate": 1.0, "Commonsense Constraint Micro Pass Rate": 0.6513888888888889, "Commonsense Constraint Macro Pass Rate": 0.10555555555555556, "Hard Constraint Micro Pass Rate": 0.17142857142857143, "Hard Constraint Macro Pass Rate": 0.08888888888888889, "Final Pass Rate": 0.027777777777777776}