{"Delivery Rate": 1.0, "Commonsense Constraint Micro Pass Rate": 0.6729166666666667, "Commonsense Constraint Macro Pass Rate": 0.11666666666666667, "Hard Constraint Micro Pass Rate": 0.09523809523809523, "Hard Constraint Macro Pass Rate": 0.044444444444444446, "Final Pass Rate": 0.016666666666666666}