{
    "Delivery Rate": {
        "mean": 1.0,
        "std_dev": 0.0
    },
    "Commonsense Constraint Micro Pass Rate": {
        "mean": 0.85,
        "std_dev": 0.0020443890894277354
    },
    "Commonsense Constraint Macro Pass Rate": {
        "mean": 0.21851851851851853,
        "std_dev": 0.0026189140043946114
    },
    "Hard Constraint Micro Pass Rate": {
        "mean": 0.35714285714285715,
        "std_dev": 0.005832118435198045
    },
    "Hard Constraint Macro Pass Rate": {
        "mean": 0.22962962962962963,
        "std_dev": 0.014581496062984835
    },
    "Final Pass Rate": {
        "mean": 0.06296296296296296,
        "std_dev": 0.002618914004394621
    }
}