{"Delivery Rate": 1.0, "Commonsense Constraint Micro Pass Rate": 0.8097222222222222, "Commonsense Constraint Macro Pass Rate": 0.24444444444444444, "Hard Constraint Micro Pass Rate": 0.40476190476190477, "Hard Constraint Macro Pass Rate": 0.23333333333333334, "Final Pass Rate": 0.07222222222222222}