{"Delivery Rate": 1.0, "Commonsense Constraint Micro Pass Rate": 0.6583333333333333, "Commonsense Constraint Macro Pass Rate": 0.07777777777777778, "Hard Constraint Micro Pass Rate": 0.0880952380952381, "Hard Constraint Macro Pass Rate": 0.08333333333333333, "Final Pass Rate": 0.03888888888888889}