{"Delivery Rate": 1.0, "Commonsense Constraint Micro Pass Rate": 0.8631944444444445, "Commonsense Constraint Macro Pass Rate": 0.18333333333333332, "Hard Constraint Micro Pass Rate": 0.2571428571428571, "Hard Constraint Macro Pass Rate": 0.12777777777777777, "Final Pass Rate": 0.027777777777777776}