{"Delivery Rate": 1.0, "Commonsense Constraint Micro Pass Rate": 0.8111111111111111, "Commonsense Constraint Macro Pass Rate": 0.2222222222222222, "Hard Constraint Micro Pass Rate": 0.38095238095238093, "Hard Constraint Macro Pass Rate": 0.2222222222222222, "Final Pass Rate": 0.027777777777777776}