{"Delivery Rate": 1.0, "Commonsense Constraint Micro Pass Rate": 0.8395833333333333, "Commonsense Constraint Macro Pass Rate": 0.19444444444444445, "Hard Constraint Micro Pass Rate": 0.33095238095238094, "Hard Constraint Macro Pass Rate": 0.09444444444444444, "Final Pass Rate": 0.027777777777777776}