{"Delivery Rate": 1.0, "Commonsense Constraint Micro Pass Rate": 0.53125, "Commonsense Constraint Macro Pass Rate": 0.022222222222222223, "Hard Constraint Micro Pass Rate": 0.02142857142857143, "Hard Constraint Macro Pass Rate": 0.016666666666666666, "Final Pass Rate": 0.0}