{"Delivery Rate": 1.0, "Commonsense Constraint Micro Pass Rate": 0.8520833333333333, "Commonsense Constraint Macro Pass Rate": 0.21666666666666667, "Hard Constraint Micro Pass Rate": 0.36428571428571427, "Hard Constraint Macro Pass Rate": 0.25, "Final Pass Rate": 0.06666666666666667}