{"Delivery Rate": 1.0, "Commonsense Constraint Micro Pass Rate": 0.8069444444444445, "Commonsense Constraint Macro Pass Rate": 0.22777777777777777, "Hard Constraint Micro Pass Rate": 0.36666666666666664, "Hard Constraint Macro Pass Rate": 0.22777777777777777, "Final Pass Rate": 0.027777777777777776}