{"Delivery Rate": 1.0, "Commonsense Constraint Micro Pass Rate": 0.8506944444444444, "Commonsense Constraint Macro Pass Rate": 0.21666666666666667, "Hard Constraint Micro Pass Rate": 0.35714285714285715, "Hard Constraint Macro Pass Rate": 0.2222222222222222, "Final Pass Rate": 0.06111111111111111}