{"Delivery Rate": 1.0, "Commonsense Constraint Micro Pass Rate": 0.6618055555555555, "Commonsense Constraint Macro Pass Rate": 0.08888888888888889, "Hard Constraint Micro Pass Rate": 0.10714285714285714, "Hard Constraint Macro Pass Rate": 0.07222222222222222, "Final Pass Rate": 0.027777777777777776}