{"Delivery Rate": 1.0, "Commonsense Constraint Micro Pass Rate": 0.6881944444444444, "Commonsense Constraint Macro Pass Rate": 0.10555555555555556, "Hard Constraint Micro Pass Rate": 0.15, "Hard Constraint Macro Pass Rate": 0.10555555555555556, "Final Pass Rate": 0.03333333333333333}