{"Delivery Rate": 1.0, "Commonsense Constraint Micro Pass Rate": 0.6777777777777778, "Commonsense Constraint Macro Pass Rate": 0.1, "Hard Constraint Micro Pass Rate": 0.14523809523809525, "Hard Constraint Macro Pass Rate": 0.10555555555555556, "Final Pass Rate": 0.03333333333333333}