{"Delivery Rate": 1.0, "Commonsense Constraint Micro Pass Rate": 0.8486111111111111, "Commonsense Constraint Macro Pass Rate": 0.24444444444444444, "Hard Constraint Micro Pass Rate": 0.3952380952380952, "Hard Constraint Macro Pass Rate": 0.2, "Final Pass Rate": 0.06666666666666667}