{"Delivery Rate": 1.0, "Commonsense Constraint Micro Pass Rate": 0.8506944444444444, "Commonsense Constraint Macro Pass Rate": 0.21666666666666667, "Hard Constraint Micro Pass Rate": 0.3404761904761905, "Hard Constraint Macro Pass Rate": 0.20555555555555555, "Final Pass Rate": 0.06666666666666667}