{"Delivery Rate": 1.0, "Commonsense Constraint Micro Pass Rate": 0.8513888888888889, "Commonsense Constraint Macro Pass Rate": 0.16666666666666666, "Hard Constraint Micro Pass Rate": 0.26666666666666666, "Hard Constraint Macro Pass Rate": 0.15555555555555556, "Final Pass Rate": 0.05}